scope_type,scope_value,n_samples,feature_unit,unit_kind,mean_abs_shap_tcp_minus_udp,mean_signed_shap_tcp_minus_udp,rank_by_abs_within_scope
device_name,Danmini_Doorbell,1112,H_weight,traffic_feature_family,0.019169810504624477,0.019169810504624477,1
device_name,Danmini_Doorbell,1112,H_variance,traffic_feature_family,0.01866070698319124,-0.017901328303582396,2
device_name,Danmini_Doorbell,1112,dev_Danmini_Doorbell,device_one_hot,0.007835902594739283,-0.007835902594739283,3
device_name,Danmini_Doorbell,1112,MI_dir_variance,traffic_feature_family,0.004572935159027444,0.0013930832472850126,4
device_name,Danmini_Doorbell,1112,dev_SimpleHome_XCS7_1003_WHT_Security_Camera,device_one_hot,0.0026257031288570826,-0.0026257031288570826,5
device_name,Danmini_Doorbell,1112,MI_dir_weight,traffic_feature_family,0.0020109343362714393,0.0014514418439339745,6
device_name,Danmini_Doorbell,1112,dev_SimpleHome_XCS7_1002_WHT_Security_Camera,device_one_hot,0.0015476303342700493,0.0015476303342700493,7
device_name,Danmini_Doorbell,1112,HH_pcc,traffic_feature_family,0.0008399712858677752,0.0008399712858677752,8
device_name,Danmini_Doorbell,1112,HH_magnitude,traffic_feature_family,0.0007704785512308724,0.0006912428560856991,9
device_name,Danmini_Doorbell,1112,dev_Provision_PT_838_Security_Camera,device_one_hot,0.0006614417266555,-0.0006614417266555,10
device_name,Danmini_Doorbell,1112,HH_jit_variance,traffic_feature_family,0.0006246048429478204,-5.574260600408595e-05,11
device_name,Danmini_Doorbell,1112,HH_radius,traffic_feature_family,0.0005590096268048515,0.000297705354976294,12
device_name,Danmini_Doorbell,1112,dev_Provision_PT_737E_Security_Camera,device_one_hot,0.0005102946360232459,0.0005102946360232459,13
device_name,Danmini_Doorbell,1112,HH_covariance,traffic_feature_family,0.0004639961353040163,0.0004639961353040163,14
device_name,Danmini_Doorbell,1112,HH_std,traffic_feature_family,0.00045963920047270687,-0.0001400655970945702,15
device_name,Danmini_Doorbell,1112,dev_Ennio_Doorbell,device_one_hot,0.0003574012967782692,-0.0003574012967782692,16
device_name,Danmini_Doorbell,1112,HpHp_covariance,traffic_feature_family,0.0002552325594679018,-0.00024112053329979795,17
device_name,Danmini_Doorbell,1112,dev_Samsung_SNH_1011_N_Webcam,device_one_hot,0.0002326889468199199,-0.0002326889468199199,18
device_name,Danmini_Doorbell,1112,HH_weight,traffic_feature_family,0.00020726021670331644,-0.00020726021670331644,19
device_name,Danmini_Doorbell,1112,HpHp_weight,traffic_feature_family,0.00018994824181996106,0.00011447810928536632,20
device_name,Danmini_Doorbell,1112,dev_Philips_B120N10_Baby_Monitor,device_one_hot,0.00016766295958542358,0.00016766295958542358,21
device_name,Danmini_Doorbell,1112,HpHp_magnitude,traffic_feature_family,8.368523720854938e-05,5.9521112814390955e-05,22
device_name,Danmini_Doorbell,1112,HpHp_mean,traffic_feature_family,8.365892757252563e-05,6.7975031028761e-05,23
device_name,Danmini_Doorbell,1112,MI_dir_mean,traffic_feature_family,8.214934446644836e-05,8.214934446644836e-05,24
device_name,Danmini_Doorbell,1112,HpHp_std,traffic_feature_family,7.792382539370834e-05,7.792382539370834e-05,25
device_name,Danmini_Doorbell,1112,HpHp_radius,traffic_feature_family,4.5718731760185166e-05,4.5718731760185166e-05,26
device_name,Danmini_Doorbell,1112,HpHp_pcc,traffic_feature_family,3.1128557509827845e-05,3.1128557509827845e-05,27
device_name,Danmini_Doorbell,1112,dev_Ecobee_Thermostat,device_one_hot,2.9034549203820036e-05,-2.9034549203820036e-05,28
device_name,Danmini_Doorbell,1112,HH_mean,traffic_feature_family,2.2263668622074157e-05,6.063139524785207e-06,29
device_name,Danmini_Doorbell,1112,H_mean,traffic_feature_family,0.0,0.0,30
device_name,Danmini_Doorbell,1112,HH_jit_weight,traffic_feature_family,0.0,0.0,31
device_name,Ecobee_Thermostat,1111,H_weight,traffic_feature_family,0.021058306887456822,0.015622922310390287,1
device_name,Ecobee_Thermostat,1111,H_variance,traffic_feature_family,0.01849720028526262,-0.01849720028526262,2
device_name,Ecobee_Thermostat,1111,dev_SimpleHome_XCS7_1003_WHT_Security_Camera,device_one_hot,0.002643201815368462,-0.002643201815368462,3
device_name,Ecobee_Thermostat,1111,HH_pcc,traffic_feature_family,0.002637351291670186,-0.0010686512156785444,4
device_name,Ecobee_Thermostat,1111,dev_SimpleHome_XCS7_1002_WHT_Security_Camera,device_one_hot,0.0020506530768826057,0.0020506530768826057,5
device_name,Ecobee_Thermostat,1111,HH_jit_variance,traffic_feature_family,0.0016849030787044021,-0.0011160404884574863,6
device_name,Ecobee_Thermostat,1111,MI_dir_variance,traffic_feature_family,0.0016638288703585738,-0.0016638288703585738,7
device_name,Ecobee_Thermostat,1111,dev_Danmini_Doorbell,device_one_hot,0.0010885780393338782,0.0010885780393338782,8
device_name,Ecobee_Thermostat,1111,dev_Provision_PT_737E_Security_Camera,device_one_hot,0.0007709644864372822,0.0007709644864372822,9
device_name,Ecobee_Thermostat,1111,dev_Provision_PT_838_Security_Camera,device_one_hot,0.0006614410973126345,-0.0006614410973126345,10
device_name,Ecobee_Thermostat,1111,HH_std,traffic_feature_family,0.0005152081265295664,-0.0001956133336677604,11
device_name,Ecobee_Thermostat,1111,MI_dir_weight,traffic_feature_family,0.0005056434527614165,-0.0005056434527614165,12
device_name,Ecobee_Thermostat,1111,HH_covariance,traffic_feature_family,0.0005019064307360759,-3.7982316964294306e-05,13
device_name,Ecobee_Thermostat,1111,HpHp_covariance,traffic_feature_family,0.00041648540982809255,-0.00041648540982809255,14
device_name,Ecobee_Thermostat,1111,MI_dir_mean,traffic_feature_family,0.0003797198572008974,-0.0002884799142593791,15
device_name,Ecobee_Thermostat,1111,dev_Ennio_Doorbell,device_one_hot,0.00035726314495678304,-0.00035726314495678304,16
device_name,Ecobee_Thermostat,1111,HH_radius,traffic_feature_family,0.00035563077902181516,9.440070693276019e-05,17
device_name,Ecobee_Thermostat,1111,dev_Philips_B120N10_Baby_Monitor,device_one_hot,0.0002613645767865151,0.0002613645767865151,18
device_name,Ecobee_Thermostat,1111,HH_magnitude,traffic_feature_family,0.00023327560112642594,-0.00023327560112642594,19
device_name,Ecobee_Thermostat,1111,dev_Samsung_SNH_1011_N_Webcam,device_one_hot,0.00023232489170257837,-0.00023232489170257837,20
device_name,Ecobee_Thermostat,1111,HpHp_weight,traffic_feature_family,0.00015664097000725715,8.118362735015185e-05,21
device_name,Ecobee_Thermostat,1111,dev_Ecobee_Thermostat,device_one_hot,0.000148923427856114,0.000148923427856114,22
device_name,Ecobee_Thermostat,1111,HH_weight,traffic_feature_family,0.00014492380198104636,-0.00014492380198104636,23
device_name,Ecobee_Thermostat,1111,HpHp_std,traffic_feature_family,0.00010823545131368127,0.00010823545131368127,24
device_name,Ecobee_Thermostat,1111,HpHp_mean,traffic_feature_family,8.790141038202823e-05,8.790141038202823e-05,25
device_name,Ecobee_Thermostat,1111,HpHp_magnitude,traffic_feature_family,8.374922070142734e-05,5.958511588412484e-05,26
device_name,Ecobee_Thermostat,1111,HpHp_radius,traffic_feature_family,6.57239522025675e-05,1.7688053942445773e-05,27
device_name,Ecobee_Thermostat,1111,HH_mean,traffic_feature_family,6.0409596910788664e-05,-6.0409596910788664e-05,28
device_name,Ecobee_Thermostat,1111,HpHp_pcc,traffic_feature_family,3.24520336841834e-05,2.5245242362736813e-05,29
device_name,Ecobee_Thermostat,1111,H_mean,traffic_feature_family,0.0,0.0,30
device_name,Ecobee_Thermostat,1111,HH_jit_weight,traffic_feature_family,0.0,0.0,31
device_name,Ennio_Doorbell,1111,H_weight,traffic_feature_family,0.01960283780367427,0.01960283780367427,1
device_name,Ennio_Doorbell,1111,H_variance,traffic_feature_family,0.018569167769335856,-0.017946681969017792,2
device_name,Ennio_Doorbell,1111,MI_dir_variance,traffic_feature_family,0.0037912878277787864,0.0006114395671954129,3
device_name,Ennio_Doorbell,1111,dev_SimpleHome_XCS7_1003_WHT_Security_Camera,device_one_hot,0.0025869186047186303,-0.0025869186047186303,4
device_name,Ennio_Doorbell,1111,dev_Ennio_Doorbell,device_one_hot,0.002559923831458119,0.002559923831458119,5
device_name,Ennio_Doorbell,1111,dev_SimpleHome_XCS7_1002_WHT_Security_Camera,device_one_hot,0.00205153829044986,0.00205153829044986,6
device_name,Ennio_Doorbell,1111,MI_dir_weight,traffic_feature_family,0.001646114375879636,0.0010877583999973474,7
device_name,Ennio_Doorbell,1111,dev_Danmini_Doorbell,device_one_hot,0.0011038176735702141,0.0011038176735702141,8
device_name,Ennio_Doorbell,1111,HH_magnitude,traffic_feature_family,0.0009286594372652887,0.0008498106551617873,9
device_name,Ennio_Doorbell,1111,HH_pcc,traffic_feature_family,0.0008350105367663663,0.0008350105367663663,10
device_name,Ennio_Doorbell,1111,dev_Provision_PT_737E_Security_Camera,device_one_hot,0.000828952795631419,0.000828952795631419,11
device_name,Ennio_Doorbell,1111,HH_radius,traffic_feature_family,0.0005642125866812506,0.00030298218019940014,12
device_name,Ennio_Doorbell,1111,dev_Provision_PT_838_Security_Camera,device_one_hot,0.0005104711241576893,-0.0005104711241576893,13
device_name,Ennio_Doorbell,1111,HH_jit_variance,traffic_feature_family,0.0004078097533920095,0.00016108610166864836,14
device_name,Ennio_Doorbell,1111,MI_dir_mean,traffic_feature_family,0.0003435360486921215,-0.0002519485407867429,15
device_name,Ennio_Doorbell,1111,HpHp_std,traffic_feature_family,0.0002906938361356723,0.0002906938361356723,16
device_name,Ennio_Doorbell,1111,HH_std,traffic_feature_family,0.0002824743767181076,3.715945286786655e-05,17
device_name,Ennio_Doorbell,1111,dev_Philips_B120N10_Baby_Monitor,device_one_hot,0.00028154307611820623,0.00028154307611820623,18
device_name,Ennio_Doorbell,1111,HH_covariance,traffic_feature_family,0.00028153911734072517,0.00028153911734072517,19
device_name,Ennio_Doorbell,1111,HpHp_covariance,traffic_feature_family,0.0002511778511496667,-0.0002451748394916066,20
device_name,Ennio_Doorbell,1111,HpHp_weight,traffic_feature_family,0.0002169479799648201,0.00014149183744164044,21
device_name,Ennio_Doorbell,1111,HH_weight,traffic_feature_family,0.00014058560804687618,-0.00014058560804687618,22
device_name,Ennio_Doorbell,1111,HpHp_magnitude,traffic_feature_family,0.00012582072465482027,0.00010165661983751777,23
device_name,Ennio_Doorbell,1111,dev_Samsung_SNH_1011_N_Webcam,device_one_hot,0.00010724518353402514,-0.00010724518353402514,24
device_name,Ennio_Doorbell,1111,HpHp_mean,traffic_feature_family,8.455347010962481e-05,8.455347010962481e-05,25
device_name,Ennio_Doorbell,1111,HpHp_radius,traffic_feature_family,6.049454356991165e-05,6.049454356991165e-05,26
device_name,Ennio_Doorbell,1111,HpHp_pcc,traffic_feature_family,2.897008135822134e-05,2.8727194688698873e-05,27
device_name,Ennio_Doorbell,1111,HH_mean,traffic_feature_family,2.227641039804737e-05,6.0758944258118685e-06,28
device_name,Ennio_Doorbell,1111,dev_Ecobee_Thermostat,device_one_hot,1.722464981182861e-05,-1.722464981182861e-05,29
device_name,Ennio_Doorbell,1111,H_mean,traffic_feature_family,0.0,0.0,30
device_name,Ennio_Doorbell,1111,HH_jit_weight,traffic_feature_family,0.0,0.0,31
device_name,Philips_B120N10_Baby_Monitor,1111,H_weight,traffic_feature_family,0.01917589237700995,0.017455603699854084,1
device_name,Philips_B120N10_Baby_Monitor,1111,H_variance,traffic_feature_family,0.01833800208658498,-0.018200090191557973,2
device_name,Philips_B120N10_Baby_Monitor,1111,HH_pcc,traffic_feature_family,0.002847168249516751,-0.00127846817352511,3
device_name,Philips_B120N10_Baby_Monitor,1111,dev_SimpleHome_XCS7_1003_WHT_Security_Camera,device_one_hot,0.002651648776996361,-0.002651648776996361,4
device_name,Philips_B120N10_Baby_Monitor,1111,dev_SimpleHome_XCS7_1002_WHT_Security_Camera,device_one_hot,0.001972057278157806,0.001972057278157806,5
device_name,Philips_B120N10_Baby_Monitor,1111,dev_Philips_B120N10_Baby_Monitor,device_one_hot,0.0016777659672594098,-0.0016777659672594098,6
device_name,Philips_B120N10_Baby_Monitor,1111,MI_dir_variance,traffic_feature_family,0.001592027273178937,-0.0015878222486468284,7
device_name,Philips_B120N10_Baby_Monitor,1111,MI_dir_mean,traffic_feature_family,0.001274112509651191,-0.001183204022664081,8
device_name,Philips_B120N10_Baby_Monitor,1111,dev_Danmini_Doorbell,device_one_hot,0.001017381393820723,0.001017381393820723,9
device_name,Philips_B120N10_Baby_Monitor,1111,HH_jit_variance,traffic_feature_family,0.0009547964618938761,-0.00038593033598835344,10
device_name,Philips_B120N10_Baby_Monitor,1111,dev_Provision_PT_737E_Security_Camera,device_one_hot,0.000714029159696989,0.000714029159696989,11
device_name,Philips_B120N10_Baby_Monitor,1111,dev_Provision_PT_838_Security_Camera,device_one_hot,0.0006614415539231807,-0.0006614415539231807,12
device_name,Philips_B120N10_Baby_Monitor,1111,HH_magnitude,traffic_feature_family,0.0006021592496131664,-0.0006021592496131664,13
device_name,Philips_B120N10_Baby_Monitor,1111,MI_dir_weight,traffic_feature_family,0.0005623943890010289,-0.0005623943890010289,14
device_name,Philips_B120N10_Baby_Monitor,1111,HH_std,traffic_feature_family,0.00048570077803876285,-0.00016614995056015417,15
device_name,Philips_B120N10_Baby_Monitor,1111,HH_radius,traffic_feature_family,0.0004414988999295586,0.00018027635894781054,16
device_name,Philips_B120N10_Baby_Monitor,1111,dev_Ennio_Doorbell,device_one_hot,0.00036087559390868436,-0.00036087559390868436,17
device_name,Philips_B120N10_Baby_Monitor,1111,HH_covariance,traffic_feature_family,0.00031256207397243403,0.00015136203979934757,18
device_name,Philips_B120N10_Baby_Monitor,1111,HpHp_covariance,traffic_feature_family,0.0002692012705152268,-0.0002692012705152268,19
device_name,Philips_B120N10_Baby_Monitor,1111,HpHp_std,traffic_feature_family,0.0002651260096320508,0.0002651260096320508,20
device_name,Philips_B120N10_Baby_Monitor,1111,dev_Samsung_SNH_1011_N_Webcam,device_one_hot,0.00023268979261453245,-0.00023268979261453245,21
device_name,Philips_B120N10_Baby_Monitor,1111,HpHp_weight,traffic_feature_family,0.00022151568208175228,0.00014605827218261744,22
device_name,Philips_B120N10_Baby_Monitor,1111,HpHp_pcc,traffic_feature_family,8.776786884585282e-05,-3.0070592798932607e-05,23
device_name,Philips_B120N10_Baby_Monitor,1111,HH_weight,traffic_feature_family,8.612778868058549e-05,-8.313116812989751e-05,24
device_name,Philips_B120N10_Baby_Monitor,1111,HpHp_magnitude,traffic_feature_family,8.373430366377961e-05,5.9561888095098114e-05,25
device_name,Philips_B120N10_Baby_Monitor,1111,HH_mean,traffic_feature_family,8.210967133724245e-05,-8.210967133724245e-05,26
device_name,Philips_B120N10_Baby_Monitor,1111,HpHp_mean,traffic_feature_family,7.611732593501332e-05,7.611732593501332e-05,27
device_name,Philips_B120N10_Baby_Monitor,1111,HpHp_radius,traffic_feature_family,5.127085248804875e-05,5.127085248804875e-05,28
device_name,Philips_B120N10_Baby_Monitor,1111,dev_Ecobee_Thermostat,device_one_hot,3.573806032062536e-05,-3.573806032062536e-05,29
device_name,Philips_B120N10_Baby_Monitor,1111,H_mean,traffic_feature_family,0.0,0.0,30
device_name,Philips_B120N10_Baby_Monitor,1111,HH_jit_weight,traffic_feature_family,0.0,0.0,31
device_name,Provision_PT_737E_Security_Camera,1111,H_weight,traffic_feature_family,0.019462523591089645,0.016853062196181313,1
device_name,Provision_PT_737E_Security_Camera,1111,H_variance,traffic_feature_family,0.018523669032840435,-0.018523669032840435,2
device_name,Provision_PT_737E_Security_Camera,1111,dev_Provision_PT_737E_Security_Camera,device_one_hot,0.004133884629870083,-0.004133884629870083,3
device_name,Provision_PT_737E_Security_Camera,1111,HH_pcc,traffic_feature_family,0.003030037508181462,-0.0014653485482830622,4
device_name,Provision_PT_737E_Security_Camera,1111,dev_SimpleHome_XCS7_1003_WHT_Security_Camera,device_one_hot,0.0026108178571637797,-0.0026108178571637797,5
device_name,Provision_PT_737E_Security_Camera,1111,HH_jit_variance,traffic_feature_family,0.0021577450063549135,-0.0015888872429953061,6
device_name,Provision_PT_737E_Security_Camera,1111,dev_SimpleHome_XCS7_1002_WHT_Security_Camera,device_one_hot,0.0018170495654504938,0.0018170495654504938,7
device_name,Provision_PT_737E_Security_Camera,1111,MI_dir_weight,traffic_feature_family,0.001736945695232564,-0.001736945695232564,8
device_name,Provision_PT_737E_Security_Camera,1111,MI_dir_variance,traffic_feature_family,0.0016915387815788726,-0.0016915387815788726,9
device_name,Provision_PT_737E_Security_Camera,1111,dev_Danmini_Doorbell,device_one_hot,0.000827410874955782,0.000827410874955782,10
device_name,Provision_PT_737E_Security_Camera,1111,dev_Provision_PT_838_Security_Camera,device_one_hot,0.0006614418808893912,-0.0006614418808893912,11
device_name,Provision_PT_737E_Security_Camera,1111,HH_magnitude,traffic_feature_family,0.0006193050677020282,0.0005401146981330548,12
device_name,Provision_PT_737E_Security_Camera,1111,HH_std,traffic_feature_family,0.000570077711118033,-0.0002510382488809886,13
device_name,Provision_PT_737E_Security_Camera,1111,HH_covariance,traffic_feature_family,0.0005520165783018063,-9.264005298231967e-05,14
device_name,Provision_PT_737E_Security_Camera,1111,MI_dir_mean,traffic_feature_family,0.0005224500207423933,-0.00043346493203725987,15
device_name,Provision_PT_737E_Security_Camera,1111,HpHp_covariance,traffic_feature_family,0.00047074186427998547,-2.561082636128787e-05,16
device_name,Provision_PT_737E_Security_Camera,1111,dev_Ennio_Doorbell,device_one_hot,0.0003547202550679735,-0.0003547202550679735,17
device_name,Provision_PT_737E_Security_Camera,1111,HH_radius,traffic_feature_family,0.00034357644278965174,8.234610900188724e-05,18
device_name,Provision_PT_737E_Security_Camera,1111,HpHp_std,traffic_feature_family,0.00031872263544321006,0.00031872263544321006,19
device_name,Provision_PT_737E_Security_Camera,1111,dev_Samsung_SNH_1011_N_Webcam,device_one_hot,0.00023268997928115701,-0.00023268997928115701,20
device_name,Provision_PT_737E_Security_Camera,1111,HpHp_weight,traffic_feature_family,0.00023209863291455627,0.00015664129025745095,21
device_name,Provision_PT_737E_Security_Camera,1111,dev_Philips_B120N10_Baby_Monitor,device_one_hot,0.00019028903751835876,0.00019028903751835876,22
device_name,Provision_PT_737E_Security_Camera,1111,HpHp_radius,traffic_feature_family,0.00016454054548580664,0.00016454054548580664,23
device_name,Provision_PT_737E_Security_Camera,1111,HH_weight,traffic_feature_family,0.00015009365512144644,-0.00015009365512144644,24
device_name,Provision_PT_737E_Security_Camera,1111,HpHp_mean,traffic_feature_family,9.635750982982758e-05,9.635750982982758e-05,25
device_name,Provision_PT_737E_Security_Camera,1111,HpHp_pcc,traffic_feature_family,9.339979021445948e-05,-3.570251416753927e-05,26
device_name,Provision_PT_737E_Security_Camera,1111,HpHp_magnitude,traffic_feature_family,8.374922070142734e-05,5.958511588412484e-05,27
device_name,Provision_PT_737E_Security_Camera,1111,HH_mean,traffic_feature_family,3.503694690339417e-05,-3.503694690339417e-05,28
device_name,Provision_PT_737E_Security_Camera,1111,dev_Ecobee_Thermostat,device_one_hot,3.290238260654018e-05,-3.290238260654018e-05,29
device_name,Provision_PT_737E_Security_Camera,1111,H_mean,traffic_feature_family,0.0,0.0,30
device_name,Provision_PT_737E_Security_Camera,1111,HH_jit_weight,traffic_feature_family,0.0,0.0,31
device_name,Provision_PT_838_Security_Camera,1111,H_weight,traffic_feature_family,0.019472254448274398,0.019472254448274398,1
device_name,Provision_PT_838_Security_Camera,1111,H_variance,traffic_feature_family,0.01846385354833528,-0.01799715362935552,2
device_name,Provision_PT_838_Security_Camera,1111,MI_dir_variance,traffic_feature_family,0.0053654708649262355,0.002185622604342862,3
device_name,Provision_PT_838_Security_Camera,1111,dev_Provision_PT_838_Security_Camera,device_one_hot,0.004896531687943813,0.004896531687943813,4
device_name,Provision_PT_838_Security_Camera,1111,dev_SimpleHome_XCS7_1003_WHT_Security_Camera,device_one_hot,0.0024415726666980023,-0.0024415726666980023,5
device_name,Provision_PT_838_Security_Camera,1111,HH_pcc,traffic_feature_family,0.0024371161340690515,-0.00086841605807741,6
device_name,Provision_PT_838_Security_Camera,1111,dev_SimpleHome_XCS7_1002_WHT_Security_Camera,device_one_hot,0.0020515271861466194,0.0020515271861466194,7
device_name,Provision_PT_838_Security_Camera,1111,MI_dir_weight,traffic_feature_family,0.0013161506371530281,0.0007578764275786434,8
device_name,Provision_PT_838_Security_Camera,1111,dev_Danmini_Doorbell,device_one_hot,0.001104072781454044,0.001104072781454044,9
device_name,Provision_PT_838_Security_Camera,1111,HH_magnitude,traffic_feature_family,0.0010260937675664653,0.0009472499286608102,10
device_name,Provision_PT_838_Security_Camera,1111,HH_jit_variance,traffic_feature_family,0.0009574395180959108,-0.0003885738456197495,11
device_name,Provision_PT_838_Security_Camera,1111,dev_Provision_PT_737E_Security_Camera,device_one_hot,0.0007889209567501296,0.0007889209567501296,12
device_name,Provision_PT_838_Security_Camera,1111,HH_covariance,traffic_feature_family,0.00042869270867885783,3.523140509292376e-05,13
device_name,Provision_PT_838_Security_Camera,1111,HH_radius,traffic_feature_family,0.00034944390165543386,8.821356786766938e-05,14
device_name,Provision_PT_838_Security_Camera,1111,HH_std,traffic_feature_family,0.00029987201413641856,1.9759652800497857e-05,15
device_name,Provision_PT_838_Security_Camera,1111,HpHp_covariance,traffic_feature_family,0.00028461723494508875,-0.00028461723494508875,16
device_name,Provision_PT_838_Security_Camera,1111,dev_Philips_B120N10_Baby_Monitor,device_one_hot,0.0002831327392700615,0.0002831327392700615,17
device_name,Provision_PT_838_Security_Camera,1111,dev_Ennio_Doorbell,device_one_hot,0.00019727811405212433,-0.00019727811405212433,18
device_name,Provision_PT_838_Security_Camera,1111,MI_dir_mean,traffic_feature_family,0.0001621437258199794,-6.775753195163363e-05,19
device_name,Provision_PT_838_Security_Camera,1111,HpHp_pcc,traffic_feature_family,0.00014426593154769112,0.00014426593154769112,20
device_name,Provision_PT_838_Security_Camera,1111,dev_Samsung_SNH_1011_N_Webcam,device_one_hot,0.00011393598689086581,-0.00011393598689086581,21
device_name,Provision_PT_838_Security_Camera,1111,HH_weight,traffic_feature_family,0.00011204228440353784,-5.720616084211327e-05,22
device_name,Provision_PT_838_Security_Camera,1111,HpHp_std,traffic_feature_family,9.963379276106572e-05,9.963379276106572e-05,23
device_name,Provision_PT_838_Security_Camera,1111,HpHp_mean,traffic_feature_family,8.052235062429484e-05,7.111148512891693e-05,24
device_name,Provision_PT_838_Security_Camera,1111,HpHp_weight,traffic_feature_family,6.0733318603911214e-05,-6.0733318603911214e-05,25
device_name,Provision_PT_838_Security_Camera,1111,HH_mean,traffic_feature_family,4.978963801070772e-05,-4.978963801070772e-05,26
device_name,Provision_PT_838_Security_Camera,1111,HpHp_radius,traffic_feature_family,4.796598621570246e-05,4.796598621570246e-05,27
device_name,Provision_PT_838_Security_Camera,1111,dev_Ecobee_Thermostat,device_one_hot,1.716373786378948e-05,-1.716373786378948e-05,28
device_name,Provision_PT_838_Security_Camera,1111,HpHp_magnitude,traffic_feature_family,1.2101539438601933e-05,-1.2062565378700555e-05,29
device_name,Provision_PT_838_Security_Camera,1111,H_mean,traffic_feature_family,0.0,0.0,30
device_name,Provision_PT_838_Security_Camera,1111,HH_jit_weight,traffic_feature_family,0.0,0.0,31
device_name,Samsung_SNH_1011_N_Webcam,1111,H_weight,traffic_feature_family,0.0183765049282556,0.0183765049282556,1
device_name,Samsung_SNH_1011_N_Webcam,1111,H_variance,traffic_feature_family,0.018283962439454626,-0.018283962439454626,2
device_name,Samsung_SNH_1011_N_Webcam,1111,dev_SimpleHome_XCS7_1003_WHT_Security_Camera,device_one_hot,0.0026075858622789383,-0.0026075858622789383,3
device_name,Samsung_SNH_1011_N_Webcam,1111,dev_SimpleHome_XCS7_1002_WHT_Security_Camera,device_one_hot,0.0020538349635899067,0.0020538349635899067,4
device_name,Samsung_SNH_1011_N_Webcam,1111,MI_dir_variance,traffic_feature_family,0.0015913564943730307,-0.0015913564943730307,5
device_name,Samsung_SNH_1011_N_Webcam,1111,dev_Samsung_SNH_1011_N_Webcam,device_one_hot,0.0013894829899072647,0.0013894829899072647,6
device_name,Samsung_SNH_1011_N_Webcam,1111,dev_Danmini_Doorbell,device_one_hot,0.0011048198211938143,0.0011048198211938143,7
device_name,Samsung_SNH_1011_N_Webcam,1111,HH_pcc,traffic_feature_family,0.0007850566596516728,0.0007850566596516728,8
device_name,Samsung_SNH_1011_N_Webcam,1111,dev_Provision_PT_737E_Security_Camera,device_one_hot,0.0006270839367061853,0.0006270839367061853,9
device_name,Samsung_SNH_1011_N_Webcam,1111,dev_Provision_PT_838_Security_Camera,device_one_hot,0.0005665330681949854,-0.0005665330681949854,10
device_name,Samsung_SNH_1011_N_Webcam,1111,HH_jit_variance,traffic_feature_family,0.0002846907409548294,0.0002846907409548294,11
device_name,Samsung_SNH_1011_N_Webcam,1111,dev_Philips_B120N10_Baby_Monitor,device_one_hot,0.0002833069011103362,0.0002833069011103362,12
device_name,Samsung_SNH_1011_N_Webcam,1111,MI_dir_weight,traffic_feature_family,0.00027953625249210745,-0.00027953625249210745,13
device_name,Samsung_SNH_1011_N_Webcam,1111,dev_Ennio_Doorbell,device_one_hot,0.00024996252614073455,-0.00024996252614073455,14
device_name,Samsung_SNH_1011_N_Webcam,1111,HpHp_covariance,traffic_feature_family,0.0002483999276137183,-0.0002483999276137183,15
device_name,Samsung_SNH_1011_N_Webcam,1111,HH_covariance,traffic_feature_family,0.0002321710317119141,0.0002321710317119141,16
device_name,Samsung_SNH_1011_N_Webcam,1111,HH_std,traffic_feature_family,0.0001599533597413938,0.0001599533597413938,17
device_name,Samsung_SNH_1011_N_Webcam,1111,HH_radius,traffic_feature_family,0.00013073283821540826,-0.00013073283821540826,18
device_name,Samsung_SNH_1011_N_Webcam,1111,HH_weight,traffic_feature_family,8.469841975511372e-05,-8.469841975511372e-05,19
device_name,Samsung_SNH_1011_N_Webcam,1111,HpHp_mean,traffic_feature_family,7.588522140622445e-05,7.588522140622445e-05,20
device_name,Samsung_SNH_1011_N_Webcam,1111,MI_dir_mean,traffic_feature_family,4.570173223328311e-05,4.570173223328311e-05,21
device_name,Samsung_SNH_1011_N_Webcam,1111,HpHp_radius,traffic_feature_family,4.174357604824763e-05,4.174357604824763e-05,22
device_name,Samsung_SNH_1011_N_Webcam,1111,HH_magnitude,traffic_feature_family,3.950813356823346e-05,-3.950813356823346e-05,23
device_name,Samsung_SNH_1011_N_Webcam,1111,HpHp_weight,traffic_feature_family,3.776266112254234e-05,-3.776266112254234e-05,24
device_name,Samsung_SNH_1011_N_Webcam,1111,HpHp_std,traffic_feature_family,3.3652543379503186e-05,3.3652543379503186e-05,25
device_name,Samsung_SNH_1011_N_Webcam,1111,HpHp_pcc,traffic_feature_family,2.8874627787445206e-05,2.8874627787445206e-05,26
device_name,Samsung_SNH_1011_N_Webcam,1111,dev_Ecobee_Thermostat,device_one_hot,1.6857593436725438e-05,-1.6857593436725438e-05,27
device_name,Samsung_SNH_1011_N_Webcam,1111,HpHp_magnitude,traffic_feature_family,1.209293714055093e-05,-1.209293714055093e-05,28
device_name,Samsung_SNH_1011_N_Webcam,1111,HH_mean,traffic_feature_family,8.107555515834974e-06,-8.107555515834974e-06,29
device_name,Samsung_SNH_1011_N_Webcam,1111,H_mean,traffic_feature_family,0.0,0.0,30
device_name,Samsung_SNH_1011_N_Webcam,1111,HH_jit_weight,traffic_feature_family,0.0,0.0,31
device_name,SimpleHome_XCS7_1002_WHT_Security_Camera,1111,H_variance,traffic_feature_family,0.018438944151985017,-0.018438944151985017,1
device_name,SimpleHome_XCS7_1002_WHT_Security_Camera,1111,dev_SimpleHome_XCS7_1002_WHT_Security_Camera,device_one_hot,0.01617620009794818,-0.01617620009794818,2
device_name,SimpleHome_XCS7_1002_WHT_Security_Camera,1111,H_weight,traffic_feature_family,0.01596395673588867,0.013629281493542374,3
device_name,SimpleHome_XCS7_1002_WHT_Security_Camera,1111,dev_SimpleHome_XCS7_1003_WHT_Security_Camera,device_one_hot,0.002613725286969642,-0.002613725286969642,4
device_name,SimpleHome_XCS7_1002_WHT_Security_Camera,1111,HH_pcc,traffic_feature_family,0.001606094242971626,-3.739416697998472e-05,5
device_name,SimpleHome_XCS7_1002_WHT_Security_Camera,1111,MI_dir_variance,traffic_feature_family,0.0016011303363374634,-0.0015787179242459104,6
device_name,SimpleHome_XCS7_1002_WHT_Security_Camera,1111,MI_dir_weight,traffic_feature_family,0.0013666542251037437,-0.0013666542251037437,7
device_name,SimpleHome_XCS7_1002_WHT_Security_Camera,1111,dev_Provision_PT_838_Security_Camera,device_one_hot,0.0006603293897862598,-0.0006603293897862598,8
device_name,SimpleHome_XCS7_1002_WHT_Security_Camera,1111,dev_Danmini_Doorbell,device_one_hot,0.0005601238167183943,0.0005601238167183943,9
device_name,SimpleHome_XCS7_1002_WHT_Security_Camera,1111,HH_std,traffic_feature_family,0.0005287114668054634,-0.00020912936633106852,10
device_name,SimpleHome_XCS7_1002_WHT_Security_Camera,1111,dev_Provision_PT_737E_Security_Camera,device_one_hot,0.0005094454452226946,0.0005094454452226946,11
device_name,SimpleHome_XCS7_1002_WHT_Security_Camera,1111,HH_jit_variance,traffic_feature_family,0.0004950150423438554,7.384754790306053e-05,12
device_name,SimpleHome_XCS7_1002_WHT_Security_Camera,1111,HH_covariance,traffic_feature_family,0.0004031491400045673,6.077497376721429e-05,13
device_name,SimpleHome_XCS7_1002_WHT_Security_Camera,1111,dev_Ennio_Doorbell,device_one_hot,0.00035653905874795323,-0.00035653905874795323,14
device_name,SimpleHome_XCS7_1002_WHT_Security_Camera,1111,HH_radius,traffic_feature_family,0.00035620329471402237,9.476447428768365e-05,15
device_name,SimpleHome_XCS7_1002_WHT_Security_Camera,1111,HpHp_covariance,traffic_feature_family,0.0002488298672934368,-0.0002488298672934368,16
device_name,SimpleHome_XCS7_1002_WHT_Security_Camera,1111,dev_Samsung_SNH_1011_N_Webcam,device_one_hot,0.00023097251151722137,-0.00023097251151722137,17
device_name,SimpleHome_XCS7_1002_WHT_Security_Camera,1111,HH_magnitude,traffic_feature_family,0.00022750179017540519,-0.00022750179017540519,18
device_name,SimpleHome_XCS7_1002_WHT_Security_Camera,1111,HpHp_weight,traffic_feature_family,0.00021600941595348102,0.00014055207329637573,19
device_name,SimpleHome_XCS7_1002_WHT_Security_Camera,1111,HpHp_std,traffic_feature_family,0.0002054759024664681,0.0002054759024664681,20
device_name,SimpleHome_XCS7_1002_WHT_Security_Camera,1111,dev_Philips_B120N10_Baby_Monitor,device_one_hot,0.0001859829693659218,0.0001859829693659218,21
device_name,SimpleHome_XCS7_1002_WHT_Security_Camera,1111,HH_weight,traffic_feature_family,0.0001478596770023972,-0.0001478596770023972,22
device_name,SimpleHome_XCS7_1002_WHT_Security_Camera,1111,MI_dir_mean,traffic_feature_family,9.368645790908306e-05,-5.257597864618794e-05,23
device_name,SimpleHome_XCS7_1002_WHT_Security_Camera,1111,HpHp_magnitude,traffic_feature_family,8.374922070142734e-05,5.958511588412484e-05,24
device_name,SimpleHome_XCS7_1002_WHT_Security_Camera,1111,HpHp_mean,traffic_feature_family,7.667131295991601e-05,7.667131295991601e-05,25
device_name,SimpleHome_XCS7_1002_WHT_Security_Camera,1111,HH_mean,traffic_feature_family,7.447029195831711e-05,-7.447029195831711e-05,26
device_name,SimpleHome_XCS7_1002_WHT_Security_Camera,1111,HpHp_radius,traffic_feature_family,5.4350687131225494e-05,5.4350687131225494e-05,27
device_name,SimpleHome_XCS7_1002_WHT_Security_Camera,1111,HpHp_pcc,traffic_feature_family,3.24520336841834e-05,2.5245242362736813e-05,28
device_name,SimpleHome_XCS7_1002_WHT_Security_Camera,1111,dev_Ecobee_Thermostat,device_one_hot,1.716106489242468e-05,-1.716106489242468e-05,29
device_name,SimpleHome_XCS7_1002_WHT_Security_Camera,1111,H_mean,traffic_feature_family,0.0,0.0,30
device_name,SimpleHome_XCS7_1002_WHT_Security_Camera,1111,HH_jit_weight,traffic_feature_family,0.0,0.0,31
device_name,SimpleHome_XCS7_1003_WHT_Security_Camera,1111,H_weight,traffic_feature_family,0.025311238673111802,0.025311238673111802,1
device_name,SimpleHome_XCS7_1003_WHT_Security_Camera,1111,dev_SimpleHome_XCS7_1003_WHT_Security_Camera,device_one_hot,0.020845457911491394,0.020845457911491394,2
device_name,SimpleHome_XCS7_1003_WHT_Security_Camera,1111,H_variance,traffic_feature_family,0.018222458103991812,-0.018222458103991812,3
device_name,SimpleHome_XCS7_1003_WHT_Security_Camera,1111,dev_SimpleHome_XCS7_1002_WHT_Security_Camera,device_one_hot,0.0020525227300822735,0.0020525227300822735,4
device_name,SimpleHome_XCS7_1003_WHT_Security_Camera,1111,MI_dir_variance,traffic_feature_family,0.0015913570323391468,-0.0015913570323391468,5
device_name,SimpleHome_XCS7_1003_WHT_Security_Camera,1111,dev_Danmini_Doorbell,device_one_hot,0.0011013777693733573,0.0011013777693733573,6
device_name,SimpleHome_XCS7_1003_WHT_Security_Camera,1111,HH_pcc,traffic_feature_family,0.0007850566596516728,0.0007850566596516728,7
device_name,SimpleHome_XCS7_1003_WHT_Security_Camera,1111,dev_Provision_PT_737E_Security_Camera,device_one_hot,0.0006382610299624503,0.0006382610299624503,8
device_name,SimpleHome_XCS7_1003_WHT_Security_Camera,1111,dev_Provision_PT_838_Security_Camera,device_one_hot,0.00046005603508092463,-0.00046005603508092463,9
device_name,SimpleHome_XCS7_1003_WHT_Security_Camera,1111,dev_Ennio_Doorbell,device_one_hot,0.00031323128496296704,-0.00031323128496296704,10
device_name,SimpleHome_XCS7_1003_WHT_Security_Camera,1111,MI_dir_weight,traffic_feature_family,0.0002917706442531198,-0.0002917706442531198,11
device_name,SimpleHome_XCS7_1003_WHT_Security_Camera,1111,HH_jit_variance,traffic_feature_family,0.00028469939388742205,0.00028469939388742205,12
device_name,SimpleHome_XCS7_1003_WHT_Security_Camera,1111,dev_Philips_B120N10_Baby_Monitor,device_one_hot,0.0002528460172470659,0.0002528460172470659,13
device_name,SimpleHome_XCS7_1003_WHT_Security_Camera,1111,HpHp_covariance,traffic_feature_family,0.0002483999276137183,-0.0002483999276137183,14
device_name,SimpleHome_XCS7_1003_WHT_Security_Camera,1111,HH_covariance,traffic_feature_family,0.0002321710317119141,0.0002321710317119141,15
device_name,SimpleHome_XCS7_1003_WHT_Security_Camera,1111,dev_Samsung_SNH_1011_N_Webcam,device_one_hot,0.00021653869771398604,-0.00021653869771398604,16
device_name,SimpleHome_XCS7_1003_WHT_Security_Camera,1111,HH_std,traffic_feature_family,0.00015990790319619919,0.00015990790319619919,17
device_name,SimpleHome_XCS7_1003_WHT_Security_Camera,1111,HH_radius,traffic_feature_family,0.0001306639640006324,-0.0001306639640006324,18
device_name,SimpleHome_XCS7_1003_WHT_Security_Camera,1111,MI_dir_mean,traffic_feature_family,0.00010244916575175012,0.00010244916575175012,19
device_name,SimpleHome_XCS7_1003_WHT_Security_Camera,1111,HH_weight,traffic_feature_family,8.467924033084273e-05,-8.467924033084273e-05,20
device_name,SimpleHome_XCS7_1003_WHT_Security_Camera,1111,HpHp_mean,traffic_feature_family,7.588522140622445e-05,7.588522140622445e-05,21
device_name,SimpleHome_XCS7_1003_WHT_Security_Camera,1111,HpHp_radius,traffic_feature_family,4.174295031589281e-05,4.174295031589281e-05,22
device_name,SimpleHome_XCS7_1003_WHT_Security_Camera,1111,HH_magnitude,traffic_feature_family,3.960648655265686e-05,-3.960648655265686e-05,23
device_name,SimpleHome_XCS7_1003_WHT_Security_Camera,1111,HpHp_weight,traffic_feature_family,3.774546894419473e-05,-3.774546894419473e-05,24
device_name,SimpleHome_XCS7_1003_WHT_Security_Camera,1111,dev_Ecobee_Thermostat,device_one_hot,3.566189843695611e-05,-3.566189843695611e-05,25
device_name,SimpleHome_XCS7_1003_WHT_Security_Camera,1111,HpHp_std,traffic_feature_family,3.3664126704024966e-05,3.3664126704024966e-05,26
device_name,SimpleHome_XCS7_1003_WHT_Security_Camera,1111,HpHp_pcc,traffic_feature_family,2.8874627787445206e-05,2.8874627787445206e-05,27
device_name,SimpleHome_XCS7_1003_WHT_Security_Camera,1111,HpHp_magnitude,traffic_feature_family,1.209935999213485e-05,-1.209935999213485e-05,28
device_name,SimpleHome_XCS7_1003_WHT_Security_Camera,1111,HH_mean,traffic_feature_family,8.10835513220809e-06,-8.10835513220809e-06,29
device_name,SimpleHome_XCS7_1003_WHT_Security_Camera,1111,H_mean,traffic_feature_family,0.0,0.0,30
device_name,SimpleHome_XCS7_1003_WHT_Security_Camera,1111,HH_jit_weight,traffic_feature_family,0.0,0.0,31
overall,gafgyt_tcp_or_udp,10000,H_weight,traffic_feature_family,0.019732535494027207,0.01838824661508411,1
overall,gafgyt_tcp_or_udp,10000,H_variance,traffic_feature_family,0.018444239915647403,-0.018223466461523414,2
overall,gafgyt_tcp_or_udp,10000,dev_SimpleHome_XCS7_1003_WHT_Security_Camera,device_one_hot,0.0046249813755741345,6.879372359253466e-06,3
overall,gafgyt_tcp_or_udp,10000,dev_SimpleHome_XCS7_1002_WHT_Security_Camera,device_one_hot,0.00353013656543626,-6.421509632782544e-05,4
overall,gafgyt_tcp_or_udp,10000,MI_dir_variance,traffic_feature_family,0.002606966909808625,-0.0006125189678003607,5
overall,gafgyt_tcp_or_udp,10000,HH_pcc,traffic_feature_family,0.00175578202847189,-0.00016358663646080912,6
overall,gafgyt_tcp_or_udp,10000,dev_Danmini_Doorbell,device_one_hot,0.0017498847476686934,7.180010598676745e-06,7
overall,gafgyt_tcp_or_udp,10000,dev_Provision_PT_838_Security_Camera,device_one_hot,0.001082145432526886,5.863908534229268e-06,8
overall,gafgyt_tcp_or_udp,10000,MI_dir_weight,traffic_feature_family,0.0010796646927388792,-0.00016049078920841566,9
overall,gafgyt_tcp_or_udp,10000,dev_Provision_PT_737E_Security_Camera,device_one_hot,0.0010579271286405856,0.00013937796388345305,10
overall,gafgyt_tcp_or_udp,10000,HH_jit_variance,traffic_feature_family,0.0008723867569499816,-0.0003034030908803288,11
overall,gafgyt_tcp_or_udp,10000,dev_Ennio_Doorbell,device_one_hot,0.0005674451164144557,1.3699589355383068e-06,12
overall,gafgyt_tcp_or_udp,10000,HH_magnitude,traffic_feature_family,0.0004985369840764634,0.00020964448432091558,13
overall,gafgyt_tcp_or_udp,10000,dev_Philips_B120N10_Baby_Monitor,device_one_hot,0.00039818741683338887,2.5387818908347982e-05,14
overall,gafgyt_tcp_or_udp,10000,HH_std,traffic_feature_family,0.0003846236063937113,-6.503151837257519e-05,15
overall,gafgyt_tcp_or_udp,10000,HH_covariance,traffic_feature_family,0.00037869789153992315,0.00014743425544074852,16
overall,gafgyt_tcp_or_udp,10000,HH_radius,traffic_feature_family,0.0003590169272492631,9.771910618021594e-05,17
overall,gafgyt_tcp_or_udp,10000,MI_dir_mean,traffic_feature_family,0.0003339691335545467,-0.00022742800337955486,18
overall,gafgyt_tcp_or_udp,10000,dev_Samsung_SNH_1011_N_Webcam,device_one_hot,0.00033205328257063227,-2.3310162213238073e-05,19
overall,gafgyt_tcp_or_udp,10000,HpHp_covariance,traffic_feature_family,0.0002992273681576762,-0.00024753711793980526,20
overall,gafgyt_tcp_or_udp,10000,HpHp_std,traffic_feature_family,0.000159228326873324,0.000159228326873324,21
overall,gafgyt_tcp_or_udp,10000,HpHp_weight,traffic_feature_family,0.0001521595982881081,7.157804167391078e-05,22
overall,gafgyt_tcp_or_udp,10000,HH_weight,traffic_feature_family,0.00012870459990566588,-0.00012227938203481016,23
overall,gafgyt_tcp_or_udp,10000,HpHp_mean,traffic_feature_family,8.195047644283022e-05,7.916087999062711e-05,24
overall,gafgyt_tcp_or_udp,10000,HpHp_magnitude,traffic_feature_family,6.453322252664293e-05,4.036192787543769e-05,25
overall,gafgyt_tcp_or_udp,10000,HpHp_radius,traffic_feature_family,6.372617965485006e-05,5.838939135815053e-05,26
overall,gafgyt_tcp_or_udp,10000,HpHp_pcc,traffic_feature_family,5.64625277295363e-05,2.7399074883351205e-05,27
overall,gafgyt_tcp_or_udp,10000,HH_mean,traffic_feature_family,4.02839905418773e-05,-3.398410841001578e-05,28
overall,gafgyt_tcp_or_udp,10000,dev_Ecobee_Thermostat,device_one_hot,3.896204764296271e-05,-5.871261973334185e-06,29
overall,gafgyt_tcp_or_udp,10000,H_mean,traffic_feature_family,0.0,0.0,30
overall,gafgyt_tcp_or_udp,10000,HH_jit_weight,traffic_feature_family,0.0,0.0,31
predicted_class,gafgyt_tcp,7775,H_weight,traffic_feature_family,0.01988680629667244,0.01988680629667244,1
predicted_class,gafgyt_tcp,7775,H_variance,traffic_feature_family,0.01839568070215783,-0.018131434473750766,2
predicted_class,gafgyt_tcp,7775,dev_SimpleHome_XCS7_1003_WHT_Security_Camera,device_one_hot,0.005197530534968882,0.0007598466327911021,3
predicted_class,gafgyt_tcp,7775,MI_dir_variance,traffic_feature_family,0.00287144409127112,-0.00031004120406935077,4
predicted_class,gafgyt_tcp,7775,dev_SimpleHome_XCS7_1002_WHT_Security_Camera,device_one_hot,0.0020074341510844767,0.0020074341510844767,5
predicted_class,gafgyt_tcp,7775,dev_Provision_PT_838_Security_Camera,device_one_hot,0.0012028231022979052,0.00019654582511188936,6
predicted_class,gafgyt_tcp,7775,dev_Provision_PT_737E_Security_Camera,device_one_hot,0.0011531475997661686,5.881948118813791e-05,7
predicted_class,gafgyt_tcp,7775,dev_Danmini_Doorbell,device_one_hot,0.0010500589477413385,0.0010495576436011498,8
predicted_class,gafgyt_tcp,7775,HH_pcc,traffic_feature_family,0.0010358314150104692,0.0005634910593224025,9
predicted_class,gafgyt_tcp,7775,MI_dir_weight,traffic_feature_family,0.0008619548521027825,0.0003202623871646947,10
predicted_class,gafgyt_tcp,7775,dev_Ennio_Doorbell,device_one_hot,0.0006277449591286702,0.0001038499930899716,11
predicted_class,gafgyt_tcp,7775,dev_Philips_B120N10_Baby_Monitor,device_one_hot,0.0004614956499323686,-1.7839330388906852e-05,12
predicted_class,gafgyt_tcp,7775,HH_jit_variance,traffic_feature_family,0.000447031041983154,0.0001221336545378456,13
predicted_class,gafgyt_tcp,7775,HH_magnitude,traffic_feature_family,0.0004121229903289371,0.0003330473407490066,14
predicted_class,gafgyt_tcp,7775,dev_Samsung_SNH_1011_N_Webcam,device_one_hot,0.00036077717693784226,3.632008397198953e-05,15
predicted_class,gafgyt_tcp,7775,HH_covariance,traffic_feature_family,0.00030013847300491104,0.00024391525650536473,16
predicted_class,gafgyt_tcp,7775,HH_radius,traffic_feature_family,0.0002851644517883381,2.3820486396254103e-05,17
predicted_class,gafgyt_tcp,7775,HpHp_covariance,traffic_feature_family,0.0002549493280144184,-0.000252073196946761,18
predicted_class,gafgyt_tcp,7775,HH_std,traffic_feature_family,0.00024026500118099408,7.941336790296992e-05,19
predicted_class,gafgyt_tcp,7775,MI_dir_mean,traffic_feature_family,0.00011870411641486727,7.615213929662418e-07,20
predicted_class,gafgyt_tcp,7775,HH_weight,traffic_feature_family,0.00011416730435283294,-0.00010633155730759272,21
predicted_class,gafgyt_tcp,7775,HpHp_weight,traffic_feature_family,8.841211643981747e-05,6.346563890433558e-06,22
predicted_class,gafgyt_tcp,7775,HpHp_std,traffic_feature_family,8.614276448703721e-05,8.614276448703721e-05,23
predicted_class,gafgyt_tcp,7775,HpHp_mean,traffic_feature_family,7.889829357698727e-05,7.531038817222442e-05,24
predicted_class,gafgyt_tcp,7775,HpHp_radius,traffic_feature_family,4.588049376319718e-05,4.588049376319718e-05,25
predicted_class,gafgyt_tcp,7775,HpHp_pcc,traffic_feature_family,4.569934254578025e-05,4.5664635524579036e-05,26
predicted_class,gafgyt_tcp,7775,dev_Ecobee_Thermostat,device_one_hot,4.35000461053348e-05,-9.51607101041018e-07,27
predicted_class,gafgyt_tcp,7775,HpHp_magnitude,traffic_feature_family,3.85859942682169e-05,1.4406429029152568e-05,28
predicted_class,gafgyt_tcp,7775,HH_mean,traffic_feature_family,1.81131867298268e-05,-1.0010444438043492e-05,29
predicted_class,gafgyt_tcp,7775,H_mean,traffic_feature_family,0.0,0.0,30
predicted_class,gafgyt_tcp,7775,HH_jit_weight,traffic_feature_family,0.0,0.0,31
predicted_class,gafgyt_udp,2225,H_weight,traffic_feature_family,0.019193454374671386,0.01315170660414061,1
predicted_class,gafgyt_udp,2225,H_variance,traffic_feature_family,0.018613924358290748,-0.018545061385088497,2
predicted_class,gafgyt_udp,2225,dev_SimpleHome_XCS7_1002_WHT_Security_Camera,device_one_hot,0.008851040507721704,-0.007303348983352836,3
predicted_class,gafgyt_udp,2225,HH_pcc,traffic_feature_family,0.004271564509219102,-0.0027042738655459644,4
predicted_class,gafgyt_udp,2225,dev_Danmini_Doorbell,device_one_hot,0.004195343441796865,-0.0036352856507919874,5
predicted_class,gafgyt_udp,2225,dev_SimpleHome_XCS7_1003_WHT_Security_Camera,device_one_hot,0.002624275886003723,-0.002624275886003723,6
predicted_class,gafgyt_udp,2225,HH_jit_variance,traffic_feature_family,0.0023587421204857503,-0.0017903910439708035,7
predicted_class,gafgyt_udp,2225,MI_dir_weight,traffic_feature_family,0.00184042604597288,-0.00184042604597288,8
predicted_class,gafgyt_udp,2225,MI_dir_variance,traffic_feature_family,0.0016827826015520422,-0.0016694918275795081,9
predicted_class,gafgyt_udp,2225,MI_dir_mean,traffic_feature_family,0.0010861873395145501,-0.0010248093764610611,10
predicted_class,gafgyt_udp,2225,HH_std,traffic_feature_family,0.00088906772123815,-0.0005697771322118396,11
predicted_class,gafgyt_udp,2225,HH_magnitude,traffic_feature_family,0.0008005004903178191,-0.0002215722387030878,12
predicted_class,gafgyt_udp,2225,dev_Provision_PT_737E_Security_Camera,device_one_hot,0.0007251904261680425,0.0004208800775715767,13
predicted_class,gafgyt_udp,2225,dev_Provision_PT_838_Security_Camera,device_one_hot,0.0006604515527652347,-0.0006604515527652347,14
predicted_class,gafgyt_udp,2225,HH_covariance,traffic_feature_family,0.0006532145113645159,-0.00018970722018953954,15
predicted_class,gafgyt_udp,2225,HH_radius,traffic_feature_family,0.0006170856898149672,0.00035594911463877915,16
predicted_class,gafgyt_udp,2225,HpHp_covariance,traffic_feature_family,0.0004539517556245658,-0.00023168632500538693,17
predicted_class,gafgyt_udp,2225,HpHp_std,traffic_feature_family,0.00041461720217821394,0.00041461720217821394,18
predicted_class,gafgyt_udp,2225,HpHp_weight,traffic_feature_family,0.0003749176528366293,0.00029952174493976934,19
predicted_class,gafgyt_udp,2225,dev_Ennio_Doorbell,device_one_hot,0.00035673443007602074,-0.00035673443007602074,20
predicted_class,gafgyt_udp,2225,dev_Samsung_SNH_1011_N_Webcam,device_one_hot,0.0002316810224784716,-0.0002316810224784716,21
predicted_class,gafgyt_udp,2225,HH_weight,traffic_feature_family,0.00017950346414084614,-0.00017800717405913182,22
predicted_class,gafgyt_udp,2225,dev_Philips_B120N10_Baby_Monitor,device_one_hot,0.00017696426521785286,0.00017643999229538453,23
predicted_class,gafgyt_udp,2225,HpHp_magnitude,traffic_feature_family,0.00015520275048586197,0.0001310603564281868,24
predicted_class,gafgyt_udp,2225,HpHp_radius,traffic_feature_family,0.00012608582361332246,0.00010210025823489763,25
predicted_class,gafgyt_udp,2225,HH_mean,traffic_feature_family,0.00011775724880645827,-0.00011775724880645827,26
predicted_class,gafgyt_udp,2225,HpHp_pcc,traffic_feature_family,9.407320854018948e-05,-3.6427771851725826e-05,27
predicted_class,gafgyt_udp,2225,HpHp_mean,traffic_feature_family,9.261596937852864e-05,9.261596937852864e-05,28
predicted_class,gafgyt_udp,2225,dev_Ecobee_Thermostat,device_one_hot,2.310454739804453e-05,-2.306241551584177e-05,29
predicted_class,gafgyt_udp,2225,H_mean,traffic_feature_family,0.0,0.0,30
predicted_class,gafgyt_udp,2225,HH_jit_weight,traffic_feature_family,0.0,0.0,31
